{"cameraMode":{"drawMode":0,"name":"Shaded","section":"Shading Mode"},"sceneLighting":false,"audioPlay":false,"sceneViewState":{"showFog":true,"showMaterialUpdate":false,"showSkybox":false,"showFlares":true,"showImageEffects":true,"showParticleSystems":true},"in2DMode":false,"pivot":{"x":6.000000476837158,"y":8.427000045776368,"z":22.499996185302736},"rotation":{"x":-0.031029047444462777,"y":0.9595311880111694,"z":-0.25444966554641726,"w":-0.11713935434818268},"size":8.992865562438965,"orthographic":false}