{"cameraMode":{"drawMode":0,"name":"Shaded","section":"Shading Mode"},"sceneLighting":false,"audioPlay":false,"sceneViewState":{"showFog":true,"showMaterialUpdate":false,"showSkybox":false,"showFlares":true,"showImageEffects":true,"showParticleSystems":true},"in2DMode":false,"pivot":{"x":1.5000004768371583,"y":1.9999964237213135,"z":1.4999995231628419},"rotation":{"x":-0.4386480450630188,"y":0.13396437466144563,"z":-0.06633682548999787,"w":-0.8862299919128418},"size":3.0923330783843996,"orthographic":false}