{"cameraMode":{"drawMode":0,"name":"Shaded","section":"Shading Mode"},"sceneLighting":true,"audioPlay":false,"sceneViewState":{"showFog":true,"showMaterialUpdate":false,"showSkybox":true,"showFlares":true,"showImageEffects":true,"showParticleSystems":true},"in2DMode":false,"pivot":{"x":42.278045654296878,"y":-0.25455474853515627,"z":19.617610931396486},"rotation":{"x":-0.15314368903636933,"y":-0.514862596988678,"z":0.09405635297298432,"w":-0.8382507562637329},"size":45.3582649230957,"orthographic":false}