{"cameraMode":{"drawMode":0,"name":"Shaded","section":"Shading Mode"},"sceneLighting":false,"audioPlay":false,"sceneViewState":{"showFog":true,"showMaterialUpdate":false,"showSkybox":false,"showFlares":true,"showImageEffects":true,"showParticleSystems":true},"in2DMode":false,"pivot":{"x":0.7783182263374329,"y":0.824217677116394,"z":0.15677839517593385},"rotation":{"x":-0.1789819747209549,"y":-0.6948435306549072,"z":0.1852169930934906,"w":-0.6714742183685303},"size":0.9234570860862732,"orthographic":false}