{"cameraMode":{"drawMode":0,"name":"Shaded","section":"Shading Mode"},"sceneLighting":false,"audioPlay":false,"sceneViewState":{"showFog":true,"showMaterialUpdate":false,"showSkybox":false,"showFlares":true,"showImageEffects":true,"showParticleSystems":true},"in2DMode":false,"pivot":{"x":10.33791732788086,"y":2.966644763946533,"z":12.777616500854493},"rotation":{"x":-0.001084315706975758,"y":-0.9966415762901306,"z":0.0810035839676857,"w":-0.0134503785520792},"size":1.0407015085220338,"orthographic":false}