{"cameraMode":{"drawMode":0,"name":"Shaded","section":"Shading Mode"},"sceneLighting":false,"audioPlay":false,"sceneViewState":{"showFog":true,"showMaterialUpdate":false,"showSkybox":false,"showFlares":true,"showImageEffects":true,"showParticleSystems":true},"in2DMode":false,"pivot":{"x":1.8110144138336182,"y":-2.3880014419555666,"z":-16.540740966796876},"rotation":{"x":-0.0009090045350603759,"y":-0.9970150589942932,"z":0.07651933282613754,"w":-0.011959612369537354},"size":10.175817489624024,"orthographic":false}